customer_id,total_sales,average_transaction,transactions,first_purchase,last_purchase,activity_group
48,524.4100000000001,131.10250000000002,4,2020-09-08,2020-09-27,Repeat within month
37,444.92,88.98400000000001,5,2020-09-13,2020-09-27,Repeat within month
94,422.53,52.81625,8,2020-09-02,2020-09-27,Repeat within month
102,422.14,84.428,5,2020-09-04,2020-09-29,Repeat within month
78,398.57,79.714,5,2020-09-07,2020-09-30,Repeat within month
41,395.84,79.16799999999999,5,2020-09-01,2020-09-25,Repeat within month
71,383.65999999999997,127.88666666666666,3,2020-09-16,2020-09-26,Repeat within month
18,372.13,124.04333333333334,3,2020-09-08,2020-09-27,Repeat within month
47,363.78999999999996,121.26333333333332,3,2020-09-04,2020-09-17,Repeat within month
106,360.02,72.00399999999999,5,2020-09-07,2020-09-30,Repeat within month
79,357.69,59.615,6,2020-09-06,2020-09-29,Repeat within month
15,344.53,68.90599999999999,5,2020-09-14,2020-09-27,Repeat within month
25,337.06,112.35333333333334,3,2020-09-01,2020-09-22,Repeat within month
92,323.41999999999996,53.90333333333333,6,2020-09-02,2020-09-24,Repeat within month
82,303.43,101.14333333333333,3,2020-09-11,2020-09-27,Repeat within month
89,284.12,71.03,4,2020-09-15,2020-09-30,Repeat within month
66,279.05,93.01666666666667,3,2020-09-13,2020-09-29,Repeat within month
22,277.65,46.275,6,2020-09-07,2020-09-29,Repeat within month
24,272.74,68.185,4,2020-09-02,2020-09-28,Repeat within month
2,272.45,68.1125,4,2020-09-10,2020-09-25,Repeat within month
81,271.09000000000003,135.54500000000002,2,2020-09-10,2020-09-21,Repeat within month
54,258.54,86.18,3,2020-09-10,2020-09-21,Repeat within month
97,247.53,49.506,5,2020-09-05,2020-09-30,Repeat within month
26,242.89,48.577999999999996,5,2020-09-05,2020-09-29,Repeat within month
107,241.04000000000002,34.434285714285714,7,2020-09-02,2020-09-23,Repeat within month
19,239.37,39.895,6,2020-09-02,2020-09-26,Repeat within month
11,238.48999999999998,26.498888888888885,9,2020-09-06,2020-09-28,Repeat within month
35,236.08,78.69333333333334,3,2020-09-06,2020-09-17,Repeat within month
95,215.65,71.88333333333334,3,2020-09-06,2020-09-22,Repeat within month
58,213.02,26.6275,8,2020-09-01,2020-09-29,Repeat within month
20,209.51,104.755,2,2020-09-17,2020-09-18,Repeat within month
38,207.87,103.935,2,2020-09-14,2020-09-22,Repeat within month
21,193.78,96.89,2,2020-09-14,2020-09-27,Repeat within month
101,192.82,96.41,2,2020-09-18,2020-09-20,Repeat within month
5,190.6,190.6,1,2020-09-07,2020-09-07,One transaction
84,189.45999999999998,37.891999999999996,5,2020-09-04,2020-09-22,Repeat within month
74,183.77,183.77,1,2020-09-07,2020-09-07,One transaction
44,178.09,29.68166666666667,6,2020-09-03,2020-09-30,Repeat within month
31,177.46,22.1825,8,2020-09-01,2020-09-30,Repeat within month
93,176.02,88.01,2,2020-09-01,2020-09-02,Repeat within month
103,168.28,33.656,5,2020-09-02,2020-09-13,Repeat within month
90,167.67,167.67,1,2020-09-18,2020-09-18,One transaction
7,165.49,82.745,2,2020-09-26,2020-09-28,Repeat within month
1,158.38,158.38,1,2020-09-04,2020-09-04,One transaction
99,157.93,157.93,1,2020-09-28,2020-09-28,One transaction
14,157.47,78.735,2,2020-09-10,2020-09-22,Repeat within month
83,156.08,156.08,1,2020-09-15,2020-09-15,One transaction
55,154.93,154.93,1,2020-09-20,2020-09-20,One transaction
23,147.23,18.40375,8,2020-09-10,2020-09-29,Repeat within month
64,146.56,73.28,2,2020-09-10,2020-09-25,Repeat within month
62,131.71,26.342000000000002,5,2020-09-02,2020-09-29,Repeat within month
91,125.16,62.58,2,2020-09-02,2020-09-21,Repeat within month
69,124.48,124.48,1,2020-09-12,2020-09-12,One transaction
104,123.57,61.785,2,2020-09-21,2020-09-24,Repeat within month
46,121.07,121.07,1,2020-09-21,2020-09-21,One transaction
88,117.86,117.86,1,2020-09-26,2020-09-26,One transaction
70,112.57,112.57,1,2020-09-22,2020-09-22,One transaction
65,108.39,36.13,3,2020-09-03,2020-09-18,Repeat within month
67,106.27,17.711666666666666,6,2020-09-02,2020-09-30,Repeat within month
12,105.02,17.503333333333334,6,2020-09-05,2020-09-27,Repeat within month
85,97.89999999999999,48.949999999999996,2,2020-09-08,2020-09-22,Repeat within month
108,92.88000000000001,46.440000000000005,2,2020-09-08,2020-09-28,Repeat within month
59,88.71000000000001,14.785000000000002,6,2020-09-02,2020-09-25,Repeat within month
76,88.44,44.22,2,2020-09-19,2020-09-25,Repeat within month
17,81.62,40.81,2,2020-09-03,2020-09-18,Repeat within month
4,78.79,78.79,1,2020-09-01,2020-09-01,One transaction
16,77.55,38.775,2,2020-09-21,2020-09-22,Repeat within month
100,76.32,15.264,5,2020-09-06,2020-09-30,Repeat within month
50,75.76,75.76,1,2020-09-19,2020-09-19,One transaction
30,74.47,74.47,1,2020-09-16,2020-09-16,One transaction
98,71.49000000000001,17.872500000000002,4,2020-09-17,2020-09-30,Repeat within month
53,71.37,35.685,2,2020-09-13,2020-09-28,Repeat within month
3,71.19,23.73,3,2020-09-03,2020-09-28,Repeat within month
29,42.45,21.225,2,2020-09-14,2020-09-30,Repeat within month
80,37.19,12.396666666666667,3,2020-09-01,2020-09-15,Repeat within month
72,32.11,16.055,2,2020-09-10,2020-09-22,Repeat within month
57,31.740000000000002,10.58,3,2020-09-13,2020-09-28,Repeat within month
45,26.09,26.09,1,2020-09-03,2020-09-03,One transaction
9,25.34,25.34,1,2020-09-08,2020-09-08,One transaction
8,20.55,20.55,1,2020-09-05,2020-09-05,One transaction
105,20.35,20.35,1,2020-09-10,2020-09-10,One transaction
87,19.99,19.99,1,2020-09-27,2020-09-27,One transaction
60,19.28,19.28,1,2020-09-30,2020-09-30,One transaction
13,14.940000000000001,7.470000000000001,2,2020-09-06,2020-09-07,Repeat within month
28,6.81,6.81,1,2020-09-18,2020-09-18,One transaction
96,4.67,4.67,1,2020-09-10,2020-09-10,One transaction
