transaction_date,total_sales,average_transaction,transactions,customers
2020-09-01,323.36,46.19428571428572,7,7
2020-09-02,656.37,59.67,11,11
2020-09-03,465.05,42.27727272727273,11,11
2020-09-04,433.9,72.31666666666666,6,6
2020-09-05,222.98000000000002,27.872500000000002,8,8
2020-09-06,539.6700000000001,49.0609090909091,11,11
2020-09-07,558.34,50.75818181818182,11,11
2020-09-08,492.48,49.248000000000005,10,10
2020-09-09,119.69999999999999,23.939999999999998,5,5
2020-09-10,661.16,66.116,10,10
2020-09-11,506.15999999999997,63.269999999999996,8,8
2020-09-12,553.4,69.175,8,8
2020-09-13,563.17,43.32076923076923,13,13
2020-09-14,798.02,72.54727272727273,11,11
2020-09-15,535.85,76.55,7,7
2020-09-16,298.55,37.31875,8,8
2020-09-17,575.42,47.95166666666666,12,12
2020-09-18,760.34,63.36166666666667,12,12
2020-09-19,247.77,35.395714285714284,7,7
2020-09-20,241.37,120.685,2,2
2020-09-21,1007.21,77.47769230769231,13,13
2020-09-22,1147.62,76.508,15,15
2020-09-23,515.3199999999999,51.532,10,10
2020-09-24,509.06,84.84333333333333,6,6
2020-09-25,264.25,37.75,7,7
2020-09-26,476.73999999999995,79.45666666666666,6,6
2020-09-27,1057.38,96.12545454545456,11,11
2020-09-28,363.88,36.388,10,10
2020-09-29,232.1,23.21,10,10
2020-09-30,420.73,38.24818181818182,11,11
